<?xml version="1.0" encoding="UTF-8"?>
<!DOCTYPE mapper PUBLIC "-//mybatis.org//DTD Mapper 3.0//EN" "http://mybatis.org/dtd/mybatis-3-mapper.dtd">
<mapper namespace="me.zji.dao.DayDao">
    <insert id="create" parameterType="Day">
        INSERT INTO `day`(vc_date, l_workflag) VALUES (#{day}, #{workFlag})
    </insert>

    <select id="queryByDay" parameterType="java.lang.String" resultType="Day">
        SELECT <include refid="selectColumns" /> FROM day WHERE vc_date = #{day}
    </select>

    <update id="update" parameterType="Day">
        UPDATE day SET l_workflag = #{workFlag} WHERE vc_date = #{day}
    </update>

    <sql id="selectColumns">
        id, vc_date date, l_workflag workFlag
    </sql>

</mapper>