<?xml version="1.0" encoding="UTF-8"?>
<!DOCTYPE mapper PUBLIC "-//mybatis.org//DTD Mapper 3.0//EN" "http://mybatis.org/dtd/mybatis-3-mapper.dtd">
<mapper namespace="me.zji.dao.UserDao">
    <select id="getUserById" parameterType="int" resultType="User">
        select * from user where id = #{id}
    </select>

    <insert id="create" parameterType="User">
        INSERT INTO `user`(username, password, nikename, type) VALUES (#{username}, #{password}, #{nikename}, #{type})
    </insert>

    <delete id="deleteByUsername" parameterType="java.lang.String">

    </delete>

    <update id="update" parameterType="User">

    </update>

    <select id="queryByUsername" parameterType="java.lang.String" resultType="User">
        select * from user where username = #{username}
    </select>
</mapper>